gate_id,stage,requirement,requirement_type,source,target,actual,denominator,status,evidence_locator,corrective_action,confirmation_version
G0.1,0 工作说明,目标期刊与文章类型已写明,官方要求,目标刊当前指南,具体刊名+文章类型,未填写,,待处理,项目任务卡,补齐后才可讨论期刊合规,v1
G0.2,0 工作说明,已有材料与缺失材料分别列出,项目规则,本流程,缺失项逐条标【待用户提供】,未填写,,待处理,项目任务卡,不用推测填补缺口,v1
G1.1,1 结构,每个计划小节有唯一问题与对应证据,项目规则,本流程,全部小节,未填写,,待处理,两级目录与逻辑图,缺问题的小节删除或与邻节合并,v1
G1.2,1 结构,与参照文章的功能对照表已产出,项目规则,本流程,逐节对照,未填写,,待处理,参照对照表,只迁移功能不抄句子,v1
G2.1,2A 图表,每张图表的数据来源可定位,项目规则,本流程,100%,未填写,,待处理,图表清单,未知数据不得画成实测结果,v1
G2.2,2A 图表,图注含单位与统计口径,官方要求,目标刊指南,未规定则写未规定,未填写,,待处理,图注文件,未核对指南不得写未规定,v1
G3.1,3 标题摘要,摘要每个判断可定位到正文,项目规则,本流程,100%,未填写,,待处理,摘要与正文对照,不可定位的判断删除,v1
G4.1,4 分节修改,扩写未增加科学含义,项目规则,本流程,逐节,未填写,,待处理,修订稿与要点对照,新增含义需回到证据,v1
G5.1,5 排版,LaTeX 实际编译通过,项目规则,本流程,退出码 0,未填写,,待处理,编译日志,编译失败不进提交包,v1
G5.2,5 排版,全部图表页已人工核对,项目规则,本流程,逐页,未填写,,待处理,PDF 页面记录,未核对不得写成通过,v1
G5.3,5 排版,提交包无占位与制作提示,项目规则,本流程,0 命中,未填写,,待处理,manuscript_audit.py placeholders,python3 checks/manuscript_audit.py,v1
G5.4,5 排版,每个引用键在 bib 中可解析,项目规则,本流程,缺失 0,未填写,,待处理,manuscript_audit.py citations,补 bib 条目或删除引用,v1
G5.5,5 排版,核心数字在来源中可追溯或已声明为派生,项目规则,本流程,untraced=0,未填写,,待处理,manuscript_audit.py numbers,派生值登记到 derived.json,v1
G5.6,5 排版,写作术语与所引来源一致,项目规则,本流程,drift 逐条裁定,未填写,,待处理,manuscript_audit.py terms,端点改名必须在文中说明,v1
G5.7,5 排版,参考文献身份与年份已核验,官方要求,Crossref 与目标刊格式,全部条目,未填写,,待处理,checks/reference_identity.py,双年份条目按目标刊裁定,v1
G5.8,5 排版,AI 使用披露符合目标刊政策,官方要求,目标刊政策,按政策填写,未填写,,待处理,投稿信与声明区,政策不明先问编辑,v1
G6.1,6 投稿前,署名/贡献/资助/利益冲突经真实作者确认,官方要求,目标刊与机构规定,全部作者,未填写,,待处理,作者确认记录,未确认不得投稿,v1
G6.2,6 投稿前,所引文献逐篇完成主张核验,项目规则,本流程,逐条,未填写,,待处理,claim-ledger.csv,DOI 校验不能代替主张核验,v1
